pm_key,name,type,bool_of_active/ Active=500 or Inavtive=0,weight_kg,height(cm),
11252001,Olivia,1,0,86,172,
11252002,Ava,1,0,76,169,
11252003,Isabella,1,0,118,171,
11252004,Sophia,0,0,71,189,
11252005,Charlotte,1,500,46,183,
11252006,Mia,0,0,108,193,
11252007,Amelia,0,0,140,189,
11252008,Harper,1,0,135,198,
11252009,Evelyn,1,0,94,161,
11252010,Abigail,0,0,77,200,
11252011,Emily,0,0,82,175,
11252012,Elizabeth,1,0,51,178,
11252013,Mila,1,500,58,184,
11252014,Ella,0,0,78,170,
11252015,Avery,1,0,114,184,
11252016,Sofia,1,0,40,153,
11252017,Camila,0,0,81,142,
11252018,Aria,1,0,98,152,
11252019,Scarlett,0,0,79,166,
11252020,Victoria,1,0,124,150,
11252021,Madison,0,0,92,171,
11252022,Luna,0,0,124,159,
11252023,Grace,1,0,111,172,
11252024,Chloe,1,0,137,173,
11252025,Penelope,1,0,132,151,
11252026,Layla,1,500,48,157,
11252027,Riley,1,0,130,194,
11252028,Zoey,0,0,77,162,
11252029,Nora,0,0,121,158,
11252030,Lily,1,0,50,187,
11252031,Eleanor,1,500,94,173,
11252032,Hannah,1,0,63,140,
11252033,Lillian,0,0,125,190,
11252034,Addison,0,0,42,157,
11252035,Aubrey,0,0,65,153,
11252036,Ellie,1,0,46,171,
11252037,Stella,0,500,78,160,
11252038,Natalie,1,500,127,171,
11252039,Zoe,1,500,72,149,
11252040,Leah,1,500,96,185,
11252041,Hazel,0,500,119,162,
11252042,Violet,1,500,131,172,
11252043,Aurora,1,500,126,182,
11252044,Savannah,0,500,102,181,
11252045,Audrey,0,500,42,187,
11252046,Brooklyn,0,0,106,156,
11252047,Bella,0,0,88,178,
11252048,Claire,1,0,132,173,
11252049,Skylar,1,0,75,168,
11252050,Lucy,1,0,135,191,
11252051,Paisley,0,0,132,177,
11252052,Everly,1,500,123,187,
11252053,Anna,1,500,96,197,
11252054,Caroline,0,500,128,154,
11252055,Nova,1,500,94,181,
11252056,Genesis,1,500,131,176,
11252057,Emilia,0,500,72,171,
11252058,Kennedy,1,500,106,141,
11252059,Samantha,1,500,110,140,
11252060,Maya,1,500,121,142,
11252061,Willow,0,500,117,140,
11252062,Kinsley,1,500,109,194,
11252063,Naomi,1,500,47,165,
11252064,Aaliyah,0,0,91,173,
11252065,Elena,0,500,99,173,
11252066,Sarah,1,500,86,154,
11252067,Ariana,0,0,91,200,
11252068,Allison,1,500,81,196,
11252069,Gabriella,0,500,65,167,
11252070,Alice,1,500,64,196,
11252071,Madelyn,1,500,130,164,
11252072,Cora,1,500,53,168,
11252073,Ruby,1,0,42,188,
11252074,Eva,1,500,106,165,
11252075,Serenity,0,500,127,161,
11252076,Autumn,1,500,127,197,
11252077,Adeline,0,500,133,173,
11252078,Hailey,1,0,99,183,
11252079,Gianna,1,0,112,149,
11252080,Valentina,0,0,54,155,
11252081,Isla,0,0,74,198,
11252082,Eliana,0,500,89,141,
11252083,Quinn,1,500,116,190,
11252084,Nevaeh,0,500,52,167,
11252085,Ivy,0,500,90,183,
11252086,Sadie,1,0,131,158,
11252087,Piper,1,0,101,196,
11252088,Lydia,0,0,117,146,
11252089,Alexa,0,0,106,171,
11252090,Josephine,1,0,109,191,
11252091,Emery,0,0,128,183,
11252092,Julia,1,0,51,145,
11252093,Delilah,1,0,68,156,
11252094,Arianna,1,500,134,144,
11252095,Vivian,1,0,65,155,
11252096,Kaylee,1,500,57,158,
11252097,Sophie,0,0,117,175,
11252098,Brielle,1,0,95,148,
11252099,Madeline,0,0,121,192,
11252100,Peyton,1,0,127,190,
11252101,Rylee,1,500,127,183,
11252102,Clara,0,0,95,145,
11252103,Hadley,1,0,45,165,
11252104,Melanie,1,0,125,150,
11252105,Mackenzie,0,0,139,151,
11252106,Reagan,0,0,111,197,
11252107,Adalynn,0,0,45,196,
11252108,Liliana,0,0,63,183,
11252109,Aubree,0,500,71,196,
11252110,Jade,1,0,136,156,
11252111,Katherine,1,0,134,168,
11252112,Isabelle,0,0,57,197,
11252113,Natalia,0,0,114,181,
11252114,Raelynn,0,0,64,151,
11252115,Maria,0,0,111,167,
11252116,Athena,0,0,44,158,
11252117,Ximena,0,0,52,169,
11252118,Arya,1,0,87,164,
11252119,Leilani,0,0,74,172,
11252120,Taylor,1,0,118,182,
11252121,Faith,0,0,58,140,
11252122,Rose,1,500,90,177,
11252123,Kylie,0,0,114,155,
11252124,Alexandra,1,0,124,185,
11252125,Mary,0,0,92,148,
11252126,Margaret,1,0,44,184,
11252127,Lyla,0,500,79,173,
11252128,Ashley,0,0,65,171,
11252129,Amaya,0,0,44,152,
11252130,Eliza,1,0,109,149,
11252131,Brianna,0,0,119,163,
11252132,Bailey,1,0,120,150,
11252133,Andrea,1,500,79,152,
11252134,Khloe,0,500,75,155,
11252135,Jasmine,1,500,41,177,
11252136,Melody,1,500,54,161,
11252137,Iris,1,500,89,184,
11252138,Isabel,1,500,42,155,
11252139,Norah,1,500,56,163,
11252140,Annabelle,0,500,90,140,
11252141,Valeria,0,500,109,163,
11252142,Emerson,0,0,123,165,
11252143,Adalyn,1,0,114,173,
11252144,Ryleigh,0,0,89,140,
11252145,Eden,0,0,80,161,
11252146,Emersyn,1,0,87,142,
11252147,Anastasia,1,0,46,147,
11252148,Kayla,0,500,75,140,
11252149,Alyssa,1,500,73,143,
11252150,Juliana,0,500,117,188,
11252151,Charlie,0,500,115,164,
11252152,Esther,1,500,116,141,
11252153,Ariel,1,500,103,149,
11252154,Cecilia,0,500,118,164,
11252155,Valerie,0,500,66,142,
11252156,Alina,1,500,78,184,
11252157,Molly,0,500,90,160,
11252158,Reese,0,500,110,144,
11252159,Aliyah,0,500,67,192,
11252160,Lilly,0,0,76,188,
11252161,Parker,1,500,61,162,
11252162,Finley,0,500,49,167,
11252163,Morgan,1,0,106,196,
11252164,Sydney,0,500,60,185,
11252165,Jordyn,1,500,111,187,
11252166,Eloise,1,500,103,154,
11252167,Trinity,1,500,96,143,
11252168,Daisy,1,500,68,178,
11252169,Kimberly,0,0,110,172,
11252170,Lauren,0,500,63,175,
11252171,Genevieve,0,500,80,151,
11252172,Sara,1,500,116,146,
11252173,Arabella,0,500,96,159,
11252174,Harmony,0,0,47,165,
11252175,Elise,0,0,44,195,
11252176,Remi,0,0,94,198,
11252177,Teagan,0,0,100,153,
11252178,Alexis,0,500,103,174,
11252179,London,0,500,41,187,
11252180,Sloane,0,500,46,192,
11252181,Laila,1,500,98,164,
11252182,Lucia,0,0,137,147,
11252183,Diana,1,0,49,185,
11252184,Juliette,1,0,115,184,
11252185,Sienna,1,0,136,140,
11252186,Elliana,0,0,136,150,
11252187,Londyn,1,0,74,183,
11252188,Ayla,1,0,129,168,
11252189,Callie,0,0,135,175,
11252190,Gracie,1,500,121,147,
11252191,Josie,0,0,127,158,
11252192,Amara,1,500,116,194,
11252193,Jocelyn,1,0,86,180,
11252194,Daniela,0,0,107,193,
11252195,Everleigh,0,0,65,196,
11252196,Mya,1,0,84,190,
11252197,Rachel,1,500,47,141,
11252198,Summer,1,0,65,181,
11252199,Alana,1,0,72,166,
11252200,Brooke,1,0,138,191,
11252201,Alaina,1,0,61,178,
11252202,Mckenzie,1,0,57,162,
11252203,Catherine,1,0,133,150,
11252204,Amy,0,0,60,160,
11252205,Presley,0,500,81,199,
11252206,Journee,0,0,128,172,
11252207,Rosalie,1,0,64,196,
11252208,Ember,0,0,45,195,
11252209,Brynlee,0,0,140,188,
11252210,Rowan,1,0,133,193,
11252211,Joanna,0,0,76,191,
11252212,Paige,1,0,95,168,
11252213,Rebecca,1,0,129,156,
11252214,Ana,1,0,103,173,
11252215,Sawyer,1,0,129,178,
11252216,Mariah,1,0,104,195,
11252217,Nicole,0,0,82,171,
11252218,Brooklynn,1,500,132,140,
11252219,Payton,1,0,105,162,
11252220,Marley,1,0,84,149,
11252221,Fiona,1,0,135,193,
11252222,Georgia,1,0,62,152,
11252223,Lila,1,500,135,149,
11252224,Harley,0,0,115,195,
11252225,Adelyn,0,0,59,197,
11252226,Alivia,0,0,123,151,
11252227,Noelle,1,0,103,199,
11252228,Gemma,0,0,82,164,
11252229,Vanessa,1,500,124,155,
11252230,Journey,0,500,40,148,
11252231,Makayla,0,500,104,162,
11252232,Angelina,0,500,101,170,
11252233,Adaline,0,500,91,195,
11252234,Catalina,0,500,45,141,
11252235,Alayna,0,500,120,156,
11252236,Julianna,1,500,130,195,
11252237,Leila,0,500,92,141,
11252238,Lola,0,0,84,150,
11252239,Adriana,1,0,129,149,
11252240,June,0,0,60,182,
11252241,Juliet,0,0,138,147,
11252242,Jayla,0,0,75,186,
11252243,River,0,0,113,192,
11252244,Tessa,0,500,71,189,
11252245,Lia,1,500,71,164,
11252246,Dakota,1,500,88,142,
11252247,Delaney,1,500,79,185,
11252248,Selena,1,500,101,155,
11252249,Blakely,0,500,76,182,
11252250,Ada,0,500,58,142,
11252251,Camille,1,500,54,198,
11252252,Zara,0,500,63,197,
11252253,Malia,0,500,88,165,
11252254,Hope,0,500,94,156,
11252255,Samara,0,500,128,191,
11252256,Vera,1,0,90,183,
11252257,Mckenna,0,500,43,191,
11252258,Briella,0,500,66,178,
11252259,Izabella,1,0,60,141,
11252260,Hayden,1,500,53,200,
11252261,Raegan,1,500,77,180,
11252262,Michelle,1,500,79,162,
11252263,Angela,1,500,84,189,
11252264,Ruth,0,500,61,195,
11252265,Freya,1,0,140,165,
11252266,Kamila,1,500,79,182,
11252267,Vivienne,0,500,133,197,
11252268,Aspen,1,500,60,178,
11252269,Olive,1,500,138,152,
11252270,Kendall,0,0,105,172,
11252271,Elaina,1,0,90,183,
11252272,Thea,1,0,135,188,
11252273,Kali,1,0,48,174,
11252274,Destiny,1,500,133,150,
11252275,Amiyah,0,500,61,157,
11252276,Evangeline,1,500,55,176,
11252277,Cali,0,500,55,153,
11252278,Blake,0,0,84,141,
11252279,Elsie,1,0,51,185,
11252280,Juniper,1,0,72,158,
11252281,Alexandria,1,0,90,149,
11252282,Myla,1,0,96,157,
11252283,Ariella,1,0,107,178,
11252284,Kate,0,0,58,165,
11252285,Mariana,1,0,54,196,
11252286,Lilah,1,500,97,190,
11252287,Charlee,1,0,69,171,
11252288,Daleyza,1,500,140,159,
11252289,Nyla,1,0,104,162,
11252290,Jane,0,0,70,165,
11252291,Maggie,1,0,77,186,
11252292,Zuri,0,0,47,169,
11252293,Aniyah,1,500,101,190,
11252294,Lucille,0,0,82,188,
11252295,Leia,1,0,85,148,
11252296,Melissa,1,0,83,147,
11252297,Adelaide,0,0,69,154,
11252298,Amina,1,0,62,170,
11252299,Giselle,0,0,58,149,
11252300,Lena,0,0,45,189,
11252301,Camilla,0,500,79,168,
11252302,Miriam,1,0,48,143,
11252303,Millie,1,0,139,162,
11252304,Brynn,0,0,109,155,
11252305,Gabrielle,0,0,113,189,
11252306,Sage,0,0,102,158,
11252307,Annie,1,0,57,183,
11252308,Logan,1,0,90,167,
11252309,Lilliana,0,0,90,180,
11252310,Haven,0,0,131,140,
11252311,Jessica,0,0,102,180,
11252312,Kaia,0,0,95,179,
11252313,Magnolia,0,0,46,200,
11252314,Amira,0,500,100,199,
11252315,Adelynn,0,0,44,183,
11252316,Makenzie,0,0,55,148,
11252317,Stephanie,0,0,62,147,
11252318,Nina,1,0,116,147,
11252319,Phoebe,1,500,126,169,
11252320,Arielle,0,0,77,146,
11252321,Evie,1,0,117,163,
11252322,Lyric,0,0,100,192,
11252323,Alessandra,1,0,75,180,
11252324,Gabriela,1,0,43,171,
11252325,Paislee,1,500,47,200,
11252326,Raelyn,0,500,64,141,
11252327,Madilyn,0,500,56,165,
11252328,Paris,1,500,103,183,
11252329,Makenna,0,500,56,181,
11252330,Kinley,0,500,56,160,
11252331,Gracelyn,1,500,121,157,
11252332,Talia,0,500,114,192,
11252333,Maeve,0,500,75,183,
11252334,Rylie,1,0,100,199,
11252335,Kiara,0,0,47,147,
11252336,Evelynn,0,0,75,191,
11252337,Brinley,1,0,105,143,
11252338,Jacqueline,0,0,69,186,
11252339,Laura,0,0,57,186,
11252340,Gracelynn,1,500,133,141,
11252341,Lexi,1,500,99,176,
11252342,Ariah,1,500,45,186,
11252343,Fatima,1,500,97,191,
11252344,Jennifer,1,500,48,200,
11252345,Kehlani,0,500,109,180,
11252346,Alani,0,500,77,196,
11252347,Ariyah,0,500,105,183,
11252348,Luciana,1,500,123,186,
11252349,Allie,1,500,127,148,
11252350,Heidi,1,500,120,193,
11252351,Maci,0,500,40,159,
11252352,Phoenix,1,0,89,166,
11252353,Felicity,0,500,104,196,
11252354,Joy,1,500,81,194,
11252355,Kenzie,1,0,102,164,
11252356,Veronica,0,500,128,200,
11252357,Margot,1,500,53,156,
11252358,Addilyn,0,500,82,145,
11252359,Lana,0,500,120,174,
11252360,Cassidy,0,500,56,190,
11252361,Remington,0,0,53,179,
11252362,Saylor,1,500,41,151,
11252363,Ryan,0,500,82,163,
11252364,Keira,0,500,98,169,
11252365,Harlow,0,500,130,164,
11252366,Miranda,1,0,84,188,
11252367,Angel,0,0,104,147,
11252368,Amanda,0,0,97,158,
11252369,Daniella,1,0,47,151,
11252370,Royalty,0,500,92,146,
11252371,Gwendolyn,0,500,55,155,
11252372,Ophelia,1,500,55,158,
11252373,Heaven,0,500,48,169,
11252374,Jordan,1,0,67,173,
11252375,Madeleine,1,0,76,194,
11252376,Esmeralda,0,0,127,156,
11252377,Kira,0,0,127,180,
11252378,Miracle,0,0,140,186,
11252379,Elle,1,0,71,168,
11252380,Amari,1,0,42,141,
11252381,Danielle,1,0,113,154,
11252382,Daphne,0,500,77,162,
11252383,Willa,1,0,89,148,
11252384,Haley,1,500,118,152,
11252385,Gia,0,0,55,199,
11252386,Kaitlyn,0,0,132,193,
11252387,Oakley,0,0,137,171,
11252388,Kailani,0,0,73,179,
11252389,Winter,0,500,95,178,
11252390,Alicia,0,0,129,198,
11252391,Serena,0,0,76,180,
11252392,Nadia,1,0,83,183,
11252393,Aviana,1,0,140,143,
11252394,Demi,1,0,99,198,
11252395,Jada,1,0,127,143,
11252396,Braelynn,0,0,129,192,
11252397,Dylan,1,500,117,166,
11252398,Ainsley,1,0,59,142,
11252399,Alison,0,0,66,176,
11252400,Camryn,0,0,123,174,
11252401,Avianna,0,0,42,200,
11252402,Bianca,1,0,107,164,
11252403,Skyler,0,0,70,144,
11252404,Scarlet,0,0,113,190,
11252405,Maddison,0,0,79,199,
11252406,Nylah,1,0,74,140,
11252407,Sarai,1,0,62,161,
11252408,Regina,1,0,54,156,
11252409,Dahlia,0,0,122,149,
11252410,Nayeli,1,500,104,142,
11252411,Raven,0,0,59,141,
11252412,Helen,0,0,117,160,
11252413,Adrianna,1,0,99,179,
11252414,Averie,0,0,121,146,
11252415,Skye,0,500,82,185,
11252416,Kelsey,0,0,54,143,
11252417,Tatum,0,0,133,189,
11252418,Kensley,0,0,119,190,
11252419,Maliyah,0,0,88,152,
11252420,Erin,0,0,140,142,
11252421,Viviana,1,500,104,173,
11252422,Jenna,0,500,127,147,
11252423,Anaya,1,500,79,169,
11252424,Carolina,1,500,68,159,
11252425,Shelby,1,500,60,171,
11252426,Sabrina,1,500,76,161,
11252427,Mikayla,0,500,51,181,
11252428,Annalise,0,500,133,145,
11252429,Octavia,1,500,110,188,
11252430,Lennon,1,0,84,160,
11252431,Blair,0,0,75,193,
11252432,Carmen,0,0,132,183,
11252433,Yaretzi,0,0,50,162,
11252434,Kennedi,1,0,71,170,
11252435,Mabel,0,0,121,195,
11252436,Zariah,1,500,68,153,
11252437,Kyla,1,500,106,193,
11252438,Christina,0,500,115,194,
11252439,Selah,0,500,86,143,
11252440,Celeste,0,500,128,172,
11252441,Eve,0,500,78,188,
11252442,Mckinley,0,500,58,182,
11252443,Milani,0,500,137,157,
11252444,Frances,0,500,48,192,
11252445,Jimena,1,500,105,175,
11252446,Kylee,0,500,112,152,
11252447,Leighton,1,500,60,166,
11252448,Katie,1,0,48,148,
11252449,Aitana,1,500,100,155,
11252450,Kayleigh,1,500,69,172,
11252451,Sierra,1,0,59,140,
11252452,Kathryn,1,500,67,172,
11252453,Rosemary,1,500,60,194,
11252454,Jolene,0,500,70,162,
11252455,Alondra,0,500,112,151,
11252456,Elisa,0,500,124,166,
11252457,Helena,1,0,85,192,
11252458,Charleigh,1,500,62,166,
11252459,Hallie,0,500,106,140,
11252460,Lainey,0,500,132,160,
11252461,Avah,0,500,63,163,
11252462,Jazlyn,0,0,119,185,
11252463,Kamryn,0,0,47,195,
11252464,Mira,1,0,43,156,
11252465,Cheyenne,1,0,131,179,
11252466,Francesca,1,500,133,168,
11252467,Antonella,1,500,138,171,
11252468,Wren,0,500,128,184,
11252469,Chelsea,0,500,59,199,
11252470,Amber,1,0,92,150,
11252471,Emory,1,0,110,186,
11252472,Lorelei,1,0,71,194,
11252473,Nia,1,0,69,171,
11252474,Abby,0,0,89,165,
11252475,April,1,0,67,140,
11252476,Emelia,0,0,97,181,
11252477,Carter,0,0,63,149,
11252478,Aylin,1,500,58,191,
11252479,Cataleya,1,0,114,196,
11252480,Bethany,1,500,50,198,
11252481,Marlee,1,0,90,173,
11252482,Carly,1,0,63,158,
11252483,Kaylani,0,0,108,153,
11252484,Emely,1,0,77,140,
11252485,Liana,1,500,57,151,
11252486,Madelynn,0,0,136,187,
11252487,Cadence,1,0,52,180,
11252488,Matilda,1,0,107,184,
11252489,Sylvia,1,0,82,178,
11252490,Myra,0,0,100,186,
11252491,Fernanda,1,0,91,194,
11252492,Oaklyn,0,0,132,187,
11252493,Elianna,0,500,74,165,
11252494,Hattie,1,0,135,198,
11252495,Dayana,1,0,86,155,
11252496,Kendra,0,0,131,166,
11252497,Maisie,1,0,122,193,
11252498,Malaysia,1,0,113,142,
11252499,Kara,0,0,128,194,
11252500,Katelyn,1,0,62,188,
11252501,Maia,1,0,73,175,
11252502,Celine,0,0,113,165,
11252503,Cameron,0,0,74,140,
11252504,Renata,1,0,70,146,
11252505,Jayleen,1,0,130,197,
11252506,Charli,1,500,53,154,
11252507,Emmalyn,1,0,110,200,
11252508,Holly,1,0,87,141,
11252509,Azalea,0,0,58,156,
11252510,Leona,0,0,72,174,
11252511,Alejandra,0,500,100,148,
11252512,Bristol,1,0,89,182,
11252513,Collins,1,0,66,154,
11252514,Imani,0,0,118,145,
11252515,Meadow,1,0,107,143,
11252516,Alexia,1,0,105,179,
11252517,Edith,0,500,71,179,
11252518,Kaydence,0,500,138,197,
11252519,Leslie,1,500,79,164,
11252520,Lilith,0,500,108,186,
11252521,Kora,0,500,109,160,
11252522,Aisha,0,500,128,158,
11252523,Meredith,1,500,107,194,
11252524,Danna,1,500,125,200,
11252525,Wynter,0,500,108,189,
11252526,Emberly,1,0,54,193,
11252527,Julieta,0,0,78,163,
11252528,Michaela,0,0,136,174,
11252529,Alayah,0,0,44,161,
11252530,Jemma,0,0,120,182,
11252531,Reign,1,0,98,196,
11252532,Colette,0,500,103,146,
11252533,Kaliyah,1,500,57,192,
11252534,Elliott,0,500,76,147,
11252535,Johanna,1,500,84,170,
11252536,Remy,0,500,129,157,
11252537,Sutton,1,500,57,148,
11252538,Emmy,0,500,58,159,
11252539,Virginia,1,500,131,140,
11252540,Briana,1,500,66,151,
11252541,Oaklynn,0,500,54,183,
11252542,Adelina,1,500,62,171,
11252543,Everlee,0,500,137,161,
11252544,Megan,0,0,83,148,
11252545,Angelica,0,500,136,186,
11252546,Justice,0,500,81,173,
11252547,Mariam,1,0,105,198,
11252548,Khaleesi,1,500,40,148,
11252549,Macie,1,500,83,173,
11252550,Karsyn,0,500,46,163,
11252551,Alanna,0,500,80,177,
11252552,Aleah,1,500,98,187,
11252553,Mae,1,0,60,200,
11252554,Mallory,1,500,112,192,
11252555,Esme,1,500,79,186,
11252556,Skyla,0,500,77,155,
11252557,Madilynn,0,500,43,190,
11252558,Charley,1,0,61,161,
11252559,Allyson,1,0,61,141,
11252560,Hanna,1,0,137,174,
11252561,Shiloh,0,0,140,199,
11252562,Henley,0,500,128,144,
11252563,Macy,0,500,101,192,
11252564,Maryam,1,500,47,146,
11252565,Ivanna,0,500,131,157,
11252566,Ashlynn,0,0,90,186,
11252567,Lorelai,0,0,113,179,
11252568,Amora,0,0,100,155,
11252569,Ashlyn,1,0,88,157,
11252570,Sasha,0,0,117,182,
11252571,Baylee,1,0,75,193,
11252572,Beatrice,1,0,52,141,
11252573,Itzel,1,0,90,170,
11252574,Priscilla,0,500,109,160,
11252575,Marie,0,0,107,191,
11252576,Jayda,0,500,58,192,
11252577,Liberty,0,0,108,182,
11252578,Rory,1,0,140,178,
11252579,Alessia,0,0,45,165,
11252580,Alaia,0,0,70,184,
11252581,Janelle,0,500,96,154,
11252582,Kalani,1,0,96,175,
11252583,Gloria,0,0,61,195,
11252584,Sloan,1,0,115,185,
11252585,Dorothy,1,0,127,197,
11252586,Greta,0,0,68,160,
11252587,Julie,0,0,114,175,
11252588,Zahra,1,0,67,163,
11252589,Savanna,0,500,111,169,
11252590,Annabella,1,0,80,173,
11252591,Poppy,0,0,105,157,
11252592,Amalia,0,0,90,187,
11252593,Zaylee,0,0,131,178,
11252594,Cecelia,1,0,132,195,
11252595,Coraline,1,0,90,174,
11252596,Kimber,1,0,88,158,
11252597,Emmie,0,0,80,180,
11252598,Anne,1,0,124,166,
11252599,Karina,1,0,131,190,
11252600,Kassidy,1,0,59,144,
11252601,Kynlee,1,0,96,146,
11252602,Monroe,0,500,55,169,
11252603,Anahi,0,0,66,164,
11252604,Jaliyah,0,0,80,151,
11252605,Jazmin,0,0,79,170,
11252606,Maren,1,0,135,151,
11252607,Monica,1,500,43,173,
11252608,Siena,1,0,80,172,
11252609,Marilyn,1,0,55,166,
11252610,Reyna,0,0,60,186,
11252611,Kyra,0,0,122,145,
11252612,Lilian,0,0,102,143,
11252613,Jamie,1,500,65,176,
11252614,Melany,1,500,101,149,
11252615,Alaya,1,500,83,166,
11252616,Ariya,0,500,137,148,
11252617,Kelly,1,500,134,195,
11252618,Rosie,1,500,59,156,
11252619,Adley,1,500,53,175,
11252620,Dream,1,500,122,169,
11252621,Jaylah,1,500,120,162,
11252622,Laurel,0,0,110,197,
11252623,Jazmine,0,0,133,194,
11252624,Mina,1,0,114,167,
11252625,Karla,1,0,104,187,
11252626,Bailee,1,0,61,198,
11252627,Aubrie,0,0,117,190,
11252628,Katalina,1,500,121,199,
11252629,Melina,1,500,110,175,
11252630,Harlee,0,500,61,197,
11252631,Elliot,0,500,86,153,
11252632,Hayley,1,500,131,155,
11252633,Elaine,0,500,57,153,
11252634,Karen,0,500,128,184,
11252635,Dallas,1,500,130,163,
11252636,Irene,0,500,90,200,
11252637,Lylah,0,500,53,152,
11252638,Ivory,1,500,136,170,
11252639,Chaya,0,500,126,187,
11252640,Rosa,0,0,128,153,
11252641,Aleena,1,500,78,148,
11252642,Braelyn,0,500,52,195,
11252643,Nola,0,0,80,181,
11252644,Alma,0,500,48,144,
11252645,Leyla,1,500,61,194,
11252646,Pearl,0,500,77,186,
11252647,Addyson,1,500,81,186,
11252648,Roselyn,0,500,68,169,
11252649,Lacey,0,0,70,196,
11252650,Lennox,1,500,123,144,
11252651,Reina,1,500,81,195,
11252652,Aurelia,1,500,45,143,
11252653,Noa,1,500,132,147,
11252654,Janiyah,1,0,47,191,
11252655,Jessie,1,0,137,175,
11252656,Madisyn,1,0,140,182,
11252657,Saige,0,0,55,146,
11252658,Alia,0,500,42,157,
11252659,Tiana,1,500,99,143,
11252660,Astrid,0,500,93,176,
11252661,Cassandra,0,500,101,170,
11252662,Kyleigh,0,0,61,184,
11252663,Romina,0,0,125,180,
11252664,Stevie,1,0,84,178,
11252665,Haylee,0,0,67,158,
11252666,Zelda,0,0,137,199,
11252667,Lillie,1,0,58,171,
11252668,Aileen,0,0,66,195,
11252669,Brylee,1,0,48,178,
11252670,Eileen,1,500,121,184,
11252671,Yara,0,0,40,195,
11252672,Ensley,0,500,40,197,
11252673,Lauryn,0,0,103,158,
11252674,Giuliana,0,0,57,171,
11252675,Livia,0,0,123,173,
11252676,Anya,1,0,96,156,
11252677,Mikaela,0,500,96,176,
11252678,Palmer,0,0,122,182,
11252679,Lyra,0,0,134,141,
11252680,Mara,0,0,56,160,
11252681,Marina,0,0,76,148,
11252682,Kailey,1,0,79,174,
11252683,Liv,0,0,106,191,
11252684,Clementine,0,0,125,189,
11252685,Kenna,0,500,131,182,
11252686,Briar,1,0,136,141,
11252687,Emerie,1,0,103,197,
11252688,Galilea,1,0,42,179,
11252689,Tiffany,1,0,127,189,
11252690,Bonnie,0,0,62,144,
11252691,Elyse,1,0,138,168,
11252692,Cynthia,0,0,123,182,
11252693,Frida,1,0,65,187,
11252694,Kinslee,0,0,109,142,
11252695,Tatiana,1,0,95,162,
11252696,Joelle,1,0,84,169,
11252697,Armani,0,0,135,161,
11252698,Jolie,1,500,73,160,
11252699,Nalani,0,0,102,186,
11252700,Rayna,1,0,109,185,
11252701,Yareli,0,0,41,182,
11252702,Meghan,1,0,99,167,
11252703,Rebekah,0,500,112,142,
11252704,Addilynn,0,0,72,188,
11252705,Faye,1,0,75,140,
11252706,Zariyah,1,0,134,161,
11252707,Lea,1,0,112,185,
11252708,Aliza,0,0,110,191,
11252709,Julissa,0,500,77,167,
11252710,Lilyana,0,500,119,188,
11252711,Anika,1,500,88,168,
11252712,Kairi,0,500,102,166,
11252713,Aniya,1,500,128,141,
11252714,Noemi,0,500,95,174,
11252715,Angie,0,500,50,161,
11252716,Crystal,0,500,78,150,
11252717,Bridget,1,500,58,149,
11252718,Ari,1,0,115,189,
11252719,Davina,1,0,114,148,
11252720,Amelie,0,0,41,156,
11252721,Amirah,0,0,126,169,
11252722,Annika,1,0,121,190,
11252723,Elora,1,0,116,193,
11252724,Xiomara,0,500,137,179,
11252725,Linda,1,500,102,160,
11252726,Hana,0,500,92,176,
11252727,Laney,0,500,68,195,
11252728,Mercy,0,500,136,165,
11252729,Hadassah,0,500,100,177,
11252730,Madalyn,1,500,41,149,
11252731,Louisa,0,500,109,142,
11252732,Simone,1,500,137,181,
11252733,Kori,1,500,54,177,
11252734,Jillian,0,500,115,173,
11252735,Alena,1,500,136,180,
11252736,Malaya,1,0,138,181,
11252737,Miley,1,500,135,144,
11252738,Milan,1,500,136,199,
11252739,Sariyah,1,0,76,160,
11252740,Malani,0,500,120,179,
11252741,Clarissa,1,500,55,145,
11252742,Nala,0,500,66,182,
11252743,Princess,1,500,110,183,
11252744,Amani,0,500,68,191,
11252745,Analia,0,0,93,192,
11252746,Estella,1,500,66,143,
11252747,Milana,0,500,53,182,
11252748,Aya,0,500,54,193,
11252749,Chana,1,500,95,182,
11252750,Jayde,1,0,132,177,
11252751,Tenley,0,0,63,154,
11252752,Zaria,0,0,52,199,
11252753,Itzayana,0,0,89,163,
11252754,Penny,0,500,117,182,
11252755,Ailani,0,500,70,153,
11252756,Lara,1,500,128,166,
11252757,Aubriella,0,500,93,152,
11252758,Clare,1,0,113,185,
11252759,Lina,0,0,97,197,
11252760,Rhea,1,0,74,200,
11252761,Bria,0,0,102,145,
11252762,Thalia,1,0,51,188,
11252763,Keyla,0,0,113,155,
11252764,Haisley,1,0,41,190,
11252765,Ryann,1,0,116,172,
11252766,Addisyn,1,500,77,196,
11252767,Amaia,1,0,108,171,
11252768,Chanel,0,500,97,173,
11252769,Ellen,0,0,100,149,
11252770,Harmoni,0,0,65,188,
11252771,Aliana,0,0,136,150,
11252772,Tinsley,1,0,76,199,
11252773,Landry,0,500,76,177,
11252774,Paisleigh,0,0,45,164,
11252775,Lexie,1,0,112,199,
11252776,Myah,1,0,53,166,
11252777,Rylan,1,0,116,181,
11252778,Deborah,1,0,116,157,
11252779,Emilee,0,0,59,194,
11252780,Laylah,0,0,41,167,
11252781,Novalee,1,500,82,151,
11252782,Ellis,0,0,50,173,
11252783,Emmeline,0,0,121,141,
11252784,Avalynn,1,0,123,154,
11252785,Hadlee,1,0,101,157,
11252786,Legacy,1,0,135,145,
11252787,Braylee,1,0,67,163,
11252788,Elisabeth,1,0,55,161,
11252789,Kaylie,1,0,92,151,
11252790,Ansley,0,0,63,198,
11252791,Dior,0,0,61,181,
11252792,Paula,1,0,52,183,
11252793,Belen,1,0,133,171,
11252794,Corinne,1,500,108,175,
11252795,Maleah,0,0,43,192,
11252796,Martha,1,0,60,140,
11252797,Teresa,0,0,80,185,
11252798,Salma,1,0,128,200,
11252799,Louise,1,500,72,170,
11252800,Averi,0,0,114,190,
11252801,Lilianna,1,0,62,177,
11252802,Amiya,1,0,59,164,
11252803,Milena,0,0,50,174,
11252804,Royal,0,0,72,195,
11252805,Aubrielle,0,500,109,173,
11252806,Calliope,0,500,116,183,
11252807,Frankie,0,500,51,161,
11252808,Natasha,1,500,54,147,
11252809,Kamilah,1,500,88,177,
11252810,Meilani,0,500,87,146,
11252811,Raina,1,500,43,176,
11252812,Amayah,1,500,135,174,
11252813,Lailah,0,500,83,157,
11252814,Rayne,1,0,78,158,
11252815,Zaniyah,1,0,48,149,
11252816,Isabela,0,0,85,173,
11252817,Nathalie,0,0,82,162,
11252818,Miah,1,0,77,200,
11252819,Opal,1,0,120,176,
11252820,Kenia,1,500,111,187,
11252821,Azariah,1,500,109,168,
11252822,Hunter,1,500,119,181,
11252823,Tori,1,500,110,144,
11252824,Andi,0,500,55,174,
11252825,Keily,1,500,126,170,
11252826,Leanna,1,500,108,182,
11252827,Scarlette,1,500,91,176,
11252828,Jaelyn,0,500,63,185,
11252829,Saoirse,1,500,103,184,
11252830,Selene,1,500,128,174,
11252831,Dalary,1,500,98,158,
11252832,Lindsey,1,0,76,146,
11252833,Marianna,0,500,47,185,
11252834,Ramona,0,500,72,183,
11252835,Estelle,1,0,61,195,
11252836,Giovanna,1,500,132,180,
11252837,Holland,1,500,92,160,
11252838,Nancy,1,500,138,163,
11252839,Emmalynn,1,500,129,176,
11252840,Mylah,1,500,128,191,
11252841,Rosalee,0,0,102,191,
11252842,Sariah,0,500,77,158,
11252843,Zoie,0,500,76,190,
11252844,Blaire,0,500,94,161,
11252845,Lyanna,0,500,95,167,
11252846,Maxine,1,0,131,194,
11252847,Anais,1,0,82,179,
11252848,Dana,0,0,54,152,
11252849,Judith,1,0,40,189,
11252850,Kiera,1,500,100,182,
11252851,Jaelynn,1,500,124,155,
11252852,Noor,0,500,91,158,
11252853,Kai,0,500,61,179,
11252854,Adalee,0,0,110,178,
11252855,Oaklee,0,0,82,154,
11252856,Amaris,0,0,63,178,
11252857,Jaycee,0,0,67,174,
11252858,Belle,1,0,98,168,
11252859,Carolyn,1,0,103,155,
11252860,Della,1,0,50,177,
11252861,Karter,1,0,138,160,
11252862,Sky,0,500,126,170,
11252863,Treasure,0,0,59,166,
11252864,Vienna,1,500,84,162,
11252865,Jewel,1,0,46,141,
11252866,Rivka,1,0,58,164,
11252867,Rosalyn,1,0,86,142,
11252868,Alannah,0,0,51,189,
11252869,Ellianna,0,500,82,188,
11252870,Sunny,1,0,84,153,
11252871,Claudia,1,0,116,184,
11252872,Cara,0,0,40,171,
11252873,Hailee,1,0,122,187,
11252874,Estrella,1,0,116,172,
11252875,Harleigh,1,0,103,153,
11252876,Zhavia,0,0,104,188,
11252877,Alianna,1,500,84,181,
11252878,Brittany,1,0,130,164,
11252879,Jaylene,1,0,121,154,
11252880,Journi,1,0,136,163,
11252881,Marissa,0,0,128,161,
11252882,Mavis,1,0,124,172,
11252883,Iliana,0,0,71,140,
11252884,Jurnee,0,0,129,147,
11252885,Aislinn,0,0,68,160,
11252886,Alyson,1,0,52,169,
11252887,Elsa,0,0,90,186,
11252888,Kamiyah,0,0,46,157,
11252889,Kiana,0,0,94,142,
11252890,Lisa,0,500,66,185,
11252891,Arlette,1,0,89,160,
11252892,Kadence,0,0,106,176,
11252893,Kathleen,1,0,99,144,
11252894,Halle,1,0,84,157,
11252895,Erika,0,500,46,187,
11252896,Sylvie,1,0,92,183,
11252897,Adele,1,0,130,158,
11252898,Erica,0,0,125,174,
11252899,Veda,0,0,92,155,
11252900,Whitney,1,0,136,160,
11252901,Bexley,1,500,66,163,
11252902,Emmaline,0,500,115,191,
11252903,Guadalupe,1,500,54,190,
11252904,August,1,500,98,160,
11252905,Brynleigh,1,500,57,157,
11252906,Gwen,0,500,128,157,
11252907,Promise,0,500,49,181,
11252908,Alisson,0,500,56,177,
11252909,India,1,500,50,170,
11252910,Madalynn,1,0,103,175,
11252911,Paloma,1,0,80,175,
11252912,Patricia,0,0,105,177,
11252913,Samira,1,0,110,161,
11252914,Aliya,1,0,40,175,
11252915,Casey,1,0,100,156,
11252916,Jazlynn,0,500,75,144,
11252917,Paulina,1,500,105,197,
11252918,Dulce,0,500,57,161,
11252919,Kallie,0,500,48,171,
11252920,Perla,1,500,61,181,
11252921,Adrienne,0,500,73,186,
11252922,Alora,0,500,77,187,
11252923,Nataly,0,500,95,196,
11252924,Ayleen,0,500,85,182,
11252925,Christine,1,500,132,198,
11252926,Kaiya,1,500,89,197,
11252927,Ariadne,0,500,97,166,
11252928,Karlee,0,0,45,188,
11252929,Barbara,0,500,100,197,
11252930,Lillianna,0,500,120,164,
11252931,Raquel,1,0,70,180,
11252932,Saniyah,1,500,120,165,
11252933,Yamileth,1,500,67,188,
11252934,Arely,0,500,59,168,
11252935,Celia,1,500,63,150,
11252936,Heavenly,0,500,95,157,
11252937,Kaylin,1,0,85,148,
11252938,Marisol,1,500,85,142,
11252939,Marleigh,0,500,132,162,
11252940,Avalyn,1,500,40,155,
11252941,Berkley,1,500,82,161,
11252942,Kataleya,1,0,123,195,
11252943,Zainab,0,0,63,164,
11252944,Dani,1,0,136,151,
11252945,Egypt,0,0,125,158,
11252946,Joyce,1,500,89,143,
11252947,Kenley,1,500,118,169,
11252948,Annabel,0,500,112,178,
11252949,Kaelyn,0,500,113,193,
11252950,Etta,0,0,61,199,
11252951,Hadleigh,1,0,44,162,
11252952,Joselyn,0,0,81,187,
11252953,Luella,0,0,53,186,
11252954,Jaylee,1,0,117,174,
11252955,Zola,1,0,138,195,
11252956,Alisha,0,0,60,157,
11252957,Ezra,1,0,84,150,
11252958,Queen,1,500,137,191,
11252959,Amia,0,0,121,172,
11252960,Annalee,0,500,119,158,
11252961,Bellamy,0,0,57,154,
11252962,Paola,1,0,90,146,
11252963,Tinley,0,0,70,199,
11252964,Violeta,1,0,40,149,
11252965,Jenesis,0,500,53,199,
11252966,Arden,0,0,49,192,
11252967,Giana,0,0,90,186,
11252968,Wendy,1,0,105,171,
11252969,Ellison,0,0,125,147,
11252970,Florence,0,0,41,141,
11252971,Margo,1,0,101,164,
11252972,Naya,0,0,133,176,
11252973,Robin,0,500,131,196,
11252974,Sandra,0,0,80,153,
11252975,Scout,0,0,79,184,
11252976,Waverly,1,0,65,176,
11252977,Janessa,1,0,98,190,
11252978,Jayden,0,0,49,185,
11252979,Micah,0,0,140,174,
11252980,Novah,1,0,83,155,
11252981,Zora,0,0,135,153,
11252982,Ann,0,0,121,176,
11252983,Jana,0,0,94,155,
11252984,Taliyah,0,0,137,141,
11252985,Vada,0,0,107,188,
11252986,Giavanna,0,500,73,178,
11252987,Ingrid,0,0,137,199,
11252988,Valery,0,0,81,144,
11252989,Azaria,0,0,112,198,
11252990,Emmarie,0,0,136,197,
11252991,Esperanza,0,500,137,160,
11252992,Kailyn,0,0,131,190,
11252993,Aiyana,1,0,86,161,
11252994,Keilani,1,0,120,160,
11252995,Austyn,1,0,42,173,
11252996,Whitley,1,0,42,158,
11252997,Elina,0,500,112,196,
11252998,Kimora,1,500,74,186,
11252999,Maliah,1,500,104,153,
11253000,Paityn,0,500,72,171,
11253001,Evalyn,0,500,75,189,
11253002,Luz,0,500,132,165,
11253003,Nathalia,0,500,90,173,
11253004,Winnie,1,500,111,187,
11253005,Chandler,1,500,108,197,
11253006,Ciara,1,0,127,148,
11253007,Danica,1,0,115,181,
11253008,Nailah,1,0,102,180,
11253009,Rilynn,0,0,123,164,
11253010,Adilynn,0,0,77,163,
11253011,Brenda,1,0,124,142,
11253012,Dixie,0,500,65,148,
11253013,Kassandra,1,500,122,163,
11253014,Raylee,1,500,103,196,
11253015,Salem,0,500,54,156,
11253016,Abril,1,500,76,144,
11253017,Desiree,1,500,59,144,
11253018,Farrah,1,500,67,188,
11253019,Nathaly,1,500,61,161,
11253020,Robyn,1,500,60,160,
11253021,Carla,0,500,42,152,
11253022,Bryleigh,0,500,63,178,
11253023,Kaya,0,500,58,148,
11253024,Yasmin,0,0,64,194,
11253025,Angelique,1,500,127,169,
11253026,Emilie,1,500,116,143,
11253027,Kaylynn,0,0,121,147,
11253028,Emerald,0,500,118,155,
11253029,Indie,1,500,66,188,
11253030,Tara,0,500,68,186,
11253031,Alisa,0,500,84,150,
11253032,Ayva,0,500,50,186,
11253033,Denver,0,0,135,175,
11253034,Eleanora,1,500,128,171,
11253035,Jaylynn,1,500,109,199,
11253036,Sarahi,0,500,55,199,
11253037,Aadhya,1,500,83,178,
11253038,Cordelia,0,0,126,141,
11253039,Jovie,0,0,105,148,
11253040,Marlowe,0,0,113,157,
11253041,Zion,0,0,126,188,
11253042,Aranza,0,500,115,187,
11253043,Breanna,0,500,129,157,
11253044,Kailee,1,500,124,169,
11253045,Magdalena,0,500,49,164,
11253046,Spencer,1,0,139,178,
11253047,Ayana,0,0,126,146,
11253048,Elodie,0,0,140,185,
11253049,Emiliana,1,0,96,192,
11253050,Dalia,0,0,98,173,
11253051,Flora,0,0,49,168,
11253052,Harriet,1,0,124,197,
11253053,Karlie,0,0,97,148,
11253054,Kenya,0,500,133,159,
11253055,Aminah,1,0,122,178,
11253056,Mattie,0,500,88,153,
11253057,Montserrat,1,0,99,153,
11253058,Zendaya,1,0,70,159,
11253059,Ainhoa,0,0,109,157,
11253060,Cherish,0,0,40,176,
11253061,Lilia,1,500,82,196,
11253062,Sonia,0,0,112,187,
11253063,Joslyn,1,0,84,152,
11253064,Arleth,0,0,93,143,
11253065,Fallon,0,0,62,182,
11253066,Renee,0,0,63,166,
11253067,Carlee,1,0,136,194,
11253068,Denise,0,0,114,180,
11253069,Mercedes,0,500,60,141,
11253070,Nellie,1,0,115,178,
11253071,Carina,1,0,80,140,
11253072,Jessa,1,0,51,142,
11253073,Kaisley,0,0,116,181,
11253074,Persephone,1,0,80,144,
11253075,Riya,0,0,77,186,
11253076,Saanvi,0,0,133,198,
11253077,Tegan,1,0,88,186,
11253078,Susan,1,0,94,170,
11253079,Honesty,1,0,44,189,
11253080,Melania,0,0,105,189,
11253081,Milah,1,0,117,145,
11253082,Brenna,1,500,64,172,
11253083,Freyja,0,0,41,146,
11253084,Loretta,0,0,71,172,
11253085,Kamari,0,0,53,177,
11253086,Kristina,0,0,108,195,
11253087,Libby,1,500,115,144,
11253088,Selina,0,0,94,190,
11253089,Violette,1,0,49,196,
11253090,Ayanna,0,0,102,198,
11253091,Jaida,1,0,131,184,
11253092,Malayah,1,0,45,154,
11253093,Marcella,1,500,72,150,
11253094,Sevyn,0,500,93,198,
11253095,Tabitha,0,500,135,183,
11253096,Lizbeth,0,500,137,158,
11253097,Seraphina,1,500,68,178,
11253098,Anniston,1,500,74,142,
11253099,Anabella,0,500,94,192,
11253100,Aryanna,1,500,50,146,
11253101,Lianna,1,500,42,179,
11253102,Monserrat,0,0,125,184,
11253103,Caylee,0,0,48,189,
11253104,Mariyah,1,0,64,144,
11253105,Theresa,1,0,139,196,
11253106,Zayla,1,0,104,177,
11253107,Aliah,0,0,125,190,
11253108,Aubri,1,500,107,154,
11253109,Cleo,1,500,43,140,
11253110,Kyndall,0,500,94,180,
11253111,Luisa,0,500,112,156,
11253112,Carsyn,1,500,111,163,
11253113,Evalynn,0,500,69,176,
11253114,Halo,0,500,114,166,
11253115,Zoya,1,500,91,140,
11253116,Angeline,1,500,86,183,
11253117,Shayla,0,500,85,197,
11253118,Addalyn,0,500,128,191,
11253119,Jenny,0,500,64,190,
11253120,Mireya,0,0,99,140,
11253121,Rae,0,500,125,141,
11253122,Amya,1,500,47,178,
11253123,Elia,1,0,43,191,
11253124,Mollie,0,500,68,148,
11253125,Rosalina,0,500,43,165,
11253126,Sharon,1,500,83,185,
11253127,Betty,1,500,112,185,
11253128,Miya,0,500,88,153,
11253129,Sidney,0,0,75,157,
11253130,Aarya,1,500,91,199,
11253131,Araceli,1,500,108,191,
11253132,Aspyn,0,500,57,157,
11253133,Viola,0,500,119,168,
11253134,Akira,0,0,58,161,
11253135,Alaiya,1,0,117,140,
11253136,Diamond,0,0,133,180,
11253137,Micaela,0,0,119,194,
11253138,Raya,1,500,114,162,
11253139,Blessing,1,500,42,174,
11253140,Jaylani,0,500,71,160,
11253141,Madyson,0,500,64,154,
11253142,Rowyn,1,0,65,179,
11253143,Kensington,1,0,81,176,
11253144,Maddie,0,0,57,167,
11253145,Majesty,1,0,62,190,
11253146,Maylee,0,0,115,176,
11253147,Aila,0,0,45,188,
11253148,Heather,1,0,107,148,
11253149,Julianne,0,0,139,141,
11253150,Loyalty,0,500,43,146,
11253151,Kinzley,0,0,47,177,
11253152,Neveah,1,500,93,191,
11253153,Raylynn,0,0,49,172,
11253154,Beatrix,0,0,60,144,
11253155,Darcy,0,0,87,167,
11253156,Hensley,1,0,66,165,
11253157,Leena,0,500,107,178,
11253158,Jaylin,0,0,40,194,
11253159,Cambria,1,0,68,188,
11253160,Everley,0,0,57,175,
11253161,Leilany,1,0,105,171,
11253162,Patience,1,0,127,194,
11253163,Caitlyn,1,0,66,172,
11253164,Carson,1,0,82,141,
11253165,Finnley,1,500,109,181,
11253166,Marjorie,1,0,90,189,
11253167,Sapphire,1,0,136,168,
11253168,Cristina,1,0,56,141,
11253169,Dara,1,0,42,185,
11253170,Elayna,0,0,43,148,
11253171,Inaaya,1,0,54,144,
11253172,Katerina,1,0,66,176,
11253173,Kylah,1,0,131,150,
11253174,Melani,0,0,90,149,
11253175,Oakleigh,0,0,119,154,
11253176,Aryana,0,0,68,175,
11253177,Audrina,0,0,62,186,
11253178,Devyn,1,500,125,142,
11253179,Rylynn,1,0,62,152,
11253180,Vivianna,1,0,89,180,
11253181,Alissa,0,0,129,151,
11253182,Dalilah,1,0,109,195,
11253183,Ireland,0,500,99,170,
11253184,Lorena,0,0,99,199,
11253185,Elin,0,0,139,159,
11253186,Ivana,1,0,102,168,
11253187,Lilyanna,1,0,109,192,
11253188,Moriah,1,0,75,177,
11253189,Asha,1,500,68,152,
11253190,Campbell,1,500,58,161,
11253191,Courtney,0,500,80,162,
11253192,Janae,1,500,78,152,
11253193,Kaelynn,0,500,134,141,
11253194,Kynslee,1,500,107,197,
11253195,Nyomi,0,500,101,161,
11253196,Anabelle,0,500,95,153,
11253197,Litzy,0,500,96,192,
11253198,Alyvia,1,0,128,146,
11253199,Leilah,1,0,51,167,
11253200,Natalee,0,0,103,142,
11253201,Prisha,0,0,127,178,
11253202,Rhylee,0,0,88,199,
11253203,Agnes,0,0,136,171,
11253204,Briley,1,500,140,155,
11253205,Kasey,1,500,98,154,
11253206,Leela,1,500,59,183,
11253207,Shea,1,500,60,185,
11253208,Antonia,0,500,98,163,
11253209,Marian,0,500,78,161,
11253210,Sally,0,500,64,196,
11253211,Vivien,1,500,59,200,
11253212,Yaritza,1,500,64,169,
11253213,Annette,1,500,88,157,
11253214,Evelina,0,500,88,200,
11253215,Kamora,0,500,54,172,
11253216,Lakelyn,1,0,69,146,
11253217,Lenora,1,500,57,195,
11253218,Meera,1,500,106,173,
11253219,Celina,1,0,56,141,
11253220,Ida,1,500,60,163,
11253221,Karma,0,500,41,168,
11253222,Lesly,0,500,70,153,
11253223,Aimee,0,500,62,144,
11253224,Diya,0,500,45,156,
11253225,Kristen,0,0,76,193,
11253226,Rayleigh,0,500,138,194,
11253227,Ripley,1,500,49,140,
11253228,Adela,1,500,62,190,
11253229,Carlie,1,500,63,199,
11253230,Janiya,1,0,69,155,
11253231,Noel,1,0,48,164,
11253232,Samiyah,1,0,80,154,
11253233,Skylynn,0,0,55,150,
11253234,Adilene,0,500,98,142,
11253235,Araya,1,500,122,158,
11253236,Charity,0,500,122,188,
11253237,Charlize,1,500,90,177,
11253238,Jasmin,0,0,107,180,
11253239,Audriana,1,0,67,166,
11253240,Harlyn,1,0,62,149,
11253241,Iyla,0,0,125,195,
11253242,Maisyn,1,0,87,182,
11253243,Rowen,1,0,70,145,
11253244,Soraya,0,0,49,198,
11253245,Addalynn,1,0,131,160,
11253246,Baylor,1,500,120,167,
11253247,Clover,1,0,100,178,
11253248,Katelynn,0,500,114,152,
11253249,Isadora,1,0,109,147,
11253250,Rita,0,0,113,198,
11253251,Vayda,0,0,106,167,
11253252,Addie,0,0,97,160,
11253253,Amal,1,500,87,155,
11253254,Karmen,0,0,54,200,
11253255,Kaycee,1,0,120,198,
11253256,Malka,0,0,111,155,
11253257,Rosalind,1,0,118,192,
11253258,Amilia,1,0,97,189,
11253259,Capri,1,0,135,148,
11253260,Elissa,0,0,138,184,
11253261,Cassie,0,500,109,191,
11253262,Georgina,0,0,113,157,
11253263,Ila,0,0,103,141,
11253264,Liah,1,0,60,198,
11253265,Quincy,1,0,135,194,
11253266,Asia,1,0,55,170,
11253267,Bernadette,1,0,118,152,
11253268,Mariella,0,0,47,142,
11253269,Navy,0,0,115,159,
11253270,Nayla,1,0,89,163,
11253271,Roxanne,0,0,107,156,
11253272,Shanaya,1,0,139,188,
11253273,Ally,0,0,40,172,
11253274,Karleigh,1,500,54,148,
11253275,Khari,1,0,136,154,
11253276,Kinsleigh,1,0,60,160,
11253277,Alaysia,0,0,74,174,
11253278,Darla,1,0,58,185,
11253279,Jordynn,0,500,47,186,
11253280,Tallulah,1,0,64,164,
11253281,Ayah,1,0,50,164,
11253282,Drew,0,0,100,172,
11253283,Marceline,0,0,47,195,
11253284,Brayleigh,0,0,97,159,
11253285,Emberlynn,0,500,130,186,
11253286,Farah,0,500,67,160,
11253287,Gisselle,1,500,61,157,
11253288,Gwyneth,0,500,62,180,
11253289,Makena,0,500,75,157,
11253290,Tess,0,500,129,175,
11253291,Annelise,0,500,83,147,
11253292,Beverly,1,500,55,160,
11253293,Layan,1,500,71,172,
11253294,Maryjane,1,0,97,166,
11253295,Noah,0,0,83,156,
11253296,Rebeca,1,0,65,144,
11253297,Siya,1,0,124,159,
11253298,Emmalee,0,0,95,161,
11253299,Lindsay,0,0,42,194,
11253300,Mika,1,500,115,181,
11253301,Aida,0,500,79,190,
11253302,Brynley,0,500,137,141,
11253303,Elara,1,500,55,181,
11253304,Ellery,0,500,97,170,
11253305,Jael,0,500,57,195,
11253306,Journei,0,500,133,189,
11253307,Keziah,0,500,57,193,
11253308,Skylah,0,500,49,166,
11253309,Abrielle,0,500,139,140,
11253310,Amarah,1,500,93,171,
11253311,Andie,0,500,75,170,
11253312,Ariadna,0,0,91,160,
11253313,Ashton,0,500,111,188,
11253314,Mckayla,0,500,120,147,
11253315,Stacy,1,0,114,168,
11253316,Audra,1,500,51,147,
11253317,Bayleigh,1,500,88,160,
11253318,Kaleigh,1,500,88,186,
11253319,Kamille,1,500,91,166,
11253320,Khadija,0,500,89,170,
11253321,Xena,1,0,110,141,
11253322,Anita,0,500,44,149,
11253323,Havana,0,500,97,197,
11253324,Imogen,0,500,105,183,
11253325,Jubilee,0,500,92,193,
11253326,Khalani,1,0,66,184,
11253327,Birdie,1,0,62,154,
11253328,Cindy,0,0,88,176,
11253329,Kalia,0,0,132,143,
11253330,Karis,1,500,120,153,
11253331,Alex,0,500,79,178,
11253332,Bryn,0,500,109,162,
11253333,Ziva,0,500,139,163,
11253334,Amiah,1,0,135,153,
11253335,Amyra,1,0,122,175,
11253336,Artemis,0,0,70,192,
11253337,Dania,0,0,71,160,
11253338,Indigo,1,0,93,148,
11253339,Jamila,0,0,41,162,
11253340,Macey,0,0,104,163,
11253341,Maisy,0,0,123,157,
11253342,Naila,1,500,65,176,
11253343,Sia,0,0,100,171,
11253344,Vida,1,500,57,164,
11253345,Yuliana,0,0,61,180,
11253346,Amethyst,0,0,112,148,
11253347,Ashtyn,1,0,69,194,
11253348,Eliyanah,1,0,125,142,
11253349,Kamilla,1,500,58,158,
11253350,Nyra,0,0,65,159,
11253351,Zyla,0,0,108,153,
11253352,Danika,1,0,125,177,
11253353,Emberlee,1,0,120,197,
11253354,Pyper,0,0,90,154,
11253355,Rhyan,1,0,78,177,
11253356,Roslyn,0,0,130,148,
11253357,Ruthie,1,500,67,169,
11253358,Zella,0,0,41,144,
11253359,Caitlin,0,0,128,187,
11253360,Irie,0,0,133,195,
11253361,Jocelynn,1,0,41,160,
11253362,Kelsie,1,0,105,144,
11253363,Shay,1,0,121,168,
11253364,Tyler,1,0,55,160,
11253365,Yazmin,0,0,55,176,
11253366,Aarna,1,0,52,176,
11253367,Abbigail,0,0,55,160,
11253368,Ameera,1,0,72,170,
11253369,Daenerys,0,0,86,153,
11253370,Emani,1,500,56,171,
11253371,Emeri,1,0,115,173,
11253372,Lincoln,1,0,76,144,
11253373,Londynn,1,0,103,193,
11253374,Lucie,0,0,127,140,
11253375,Margaux,0,500,108,145,
11253376,Martina,0,0,59,174,
11253377,Rihanna,1,0,113,177,
11253378,Temperance,1,0,140,154,
11253379,Althea,1,0,129,199,
11253380,Journie,1,0,138,189,
11253381,Marin,0,500,118,190,
11253382,Marlene,0,500,109,180,
11253383,Rubi,1,500,137,162,
11253384,Ashanti,0,500,135,197,
11253385,Carleigh,1,500,132,199,
11253386,Christiana,0,500,63,197,
11253387,Elisha,0,500,77,171,
11253388,Sanaa,0,500,104,197,
11253389,Belinda,1,500,40,148,
11253390,Chiara,0,0,46,153,
11253391,Laken,1,0,75,167,
11253392,Nori,1,0,102,162,
11253393,Silvia,1,0,42,166,
11253394,Tania,0,0,98,151,
11253395,Arie,0,0,41,153,
11253396,Delia,1,500,124,161,
11253397,Dina,0,500,92,183,
11253398,Elinor,0,500,84,150,
11253399,Emberlyn,0,500,64,192,
11253400,Emrie,0,500,50,143,
11253401,Grecia,0,500,70,161,
11253402,Krystal,0,500,43,161,
11253403,Regan,0,500,79,141,
11253404,Theodora,0,500,82,142,
11253405,Zadie,1,500,107,190,
11253406,Zaya,1,500,54,189,
11253407,Emi,0,500,64,140,
11253408,Sofie,1,0,138,148,
11253409,Vivianne,1,500,80,182,
11253410,Delanie,0,500,138,180,
11253411,Janet,0,0,133,157,
11253412,Roselynn,1,500,62,151,
11253413,Carmella,1,500,84,196,
11253414,Elowen,0,500,88,166,
11253415,Korra,0,500,105,186,
11253416,Marigold,1,500,51,164,
11253417,Alessa,1,0,53,158,
11253418,Aubrianna,1,500,66,177,
11253419,Dawsyn,0,500,85,147,
11253420,Geneva,0,500,130,158,
11253421,Soleil,1,500,77,184,
11253422,Tia,0,0,81,173,
11253423,Zaina,0,0,105,148,
11253424,Eisley,1,0,124,146,
11253425,Emry,0,0,55,165,
11253426,Essence,1,500,44,168,
11253427,Inaya,0,500,54,157,
11253428,Kaira,0,500,86,168,
11253429,Linnea,1,500,46,163,
11253430,Susanna,1,0,76,158,
11253431,Colbie,0,0,90,142,
11253432,Janice,1,0,82,190,
11253433,Natalya,1,0,42,176,
11253434,Sailor,0,0,111,181,
11253435,Brinlee,1,0,125,198,
11253436,Gracyn,0,0,44,154,
11253437,Kyrie,1,0,138,167,
11253438,Winifred,0,500,106,195,
11253439,Yasmine,0,0,138,172,
11253440,America,0,500,135,143,
11253441,Brynnlee,1,0,125,162,
11253442,Carley,0,0,67,182,
11253443,Coral,1,0,135,170,
11253444,Gentry,0,0,48,152,
11253445,Guinevere,0,500,99,160,
11253446,Joey,0,0,122,171,
11253447,Kailynn,0,0,108,147,
11253448,Kaleah,1,0,85,180,
11253449,Kayden,1,0,95,162,
11253450,Adalie,1,0,115,161,
11253451,Adalina,0,0,115,170,
11253452,Addelyn,1,0,138,192,
11253453,Adilyn,0,500,68,176,
11253454,Akshara,0,0,137,152,
11253455,Annabeth,0,0,60,193,
11253456,Ayesha,1,0,47,194,
11253457,Ela,1,0,129,141,
11253458,Kamiya,0,0,112,166,
11253459,Laikyn,1,0,110,181,
11253460,Maelynn,0,0,91,151,
11253461,Merritt,1,0,127,156,
11253462,Reya,0,0,78,185,
11253463,Shirley,1,0,96,190,
11253464,Yuna,1,0,100,173,
11253465,Zahara,1,0,130,151,
11253466,Kahlani,1,500,43,184,
11253467,Lillyanna,1,0,68,162,
11253468,Aislynn,0,0,59,158,
11253469,Ananya,1,0,53,177,
11253470,Billie,0,0,135,177,
11253471,Elowyn,1,500,91,193,
11253472,Jacquelyn,1,0,128,159,
11253473,Jaleah,0,0,103,158,
11253474,Nadine,0,0,120,148,
11253475,Raleigh,1,0,116,143,
11253476,Rhiannon,0,0,76,192,
11253477,Shannon,1,500,93,170,
11253478,Tamia,0,500,108,194,
11253479,Dalila,0,500,93,155,
11253480,Evangelina,0,500,80,161,
11253481,Harlie,1,500,119,188,
11253482,Ira,1,500,92,148,
11253483,Kalina,1,500,50,141,
11253484,Laylani,1,500,127,163,
11253485,Maple,0,500,53,188,
11253486,Noella,0,0,86,164,
11253487,Reece,1,0,104,180,
11253488,Renesmee,0,0,122,158,
11253489,Damaris,0,0,57,142,
11253490,Deanna,0,0,67,148,
11253491,Jazmyn,0,0,118,144,
11253492,Khalia,1,500,125,157,
11253493,Marlie,0,500,83,149,
11253494,Murphy,1,500,109,165,
11253495,Preslee,1,500,65,193,
11253496,Sherlyn,0,500,138,158,
11253497,Blayke,1,500,127,145,
11253498,Jaclyn,1,500,92,184,
11253499,Larissa,1,500,117,160,
11253500,Mayra,1,500,138,163,
11253501,Memphis,0,500,81,179,
11253502,Rosalynn,0,500,125,140,
11253503,Taryn,1,500,140,171,
11253504,Taya,1,0,130,179,
11253505,Beatriz,0,500,96,149,
11253506,Gitty,1,500,65,189,
11253507,Isabell,1,0,69,191,
11253508,Jude,1,500,58,171,
11253509,Sahana,0,500,82,153,
11253510,Zinnia,0,500,125,169,
11253511,Anayah,1,500,125,191,
11253512,Bentley,0,500,107,173,
11253513,Cielo,0,0,137,169,
11253514,Giada,1,500,55,145,
11253515,Katrina,1,500,96,167,
11253516,Love,1,500,83,165,
11253517,Lucero,1,500,134,199,
11253518,Saniya,0,0,95,191,
11253519,Ailyn,1,0,47,160,
11253520,Cambrie,1,0,106,175,
11253521,Jersey,1,0,133,151,
11253522,Kaci,0,500,93,174,
11253523,Kalea,1,500,44,151,
11253524,Kiley,0,500,103,166,
11253525,Letty,1,500,43,173,
11253526,Petra,1,0,69,150,
11253527,Shania,1,0,79,174,
11253528,Amariah,0,0,83,163,
11253529,Bryanna,0,0,80,156,
11253530,Cecily,1,0,92,199,
11253531,Elouise,0,0,111,180,
11253532,Judy,0,0,65,154,
11253533,Kacey,0,0,61,151,
11253534,Kaidence,0,500,108,197,
11253535,Kinlee,1,0,106,141,
11253536,Kya,0,500,133,197,
11253537,Maite,1,0,109,155,
11253538,Nahla,1,0,115,192,
11253539,Naima,0,0,108,181,
11253540,Aleigha,0,0,93,157,
11253541,Annistyn,0,500,119,150,
11253542,Asiya,1,0,50,140,
11253543,Atarah,0,0,120,146,
11253544,Azeneth,0,0,113,169,
11253545,Estefania,0,0,100,148,
11253546,Mariela,0,0,57,200,
11253547,Milania,1,0,133,164,
11253548,Zia,1,0,51,179,
11253549,Aadya,1,500,43,193,
11253550,Dayanna,1,0,93,187,
11253551,Goldie,0,0,42,153,
11253552,Jaylen,0,0,108,189,
11253553,Kenzley,0,0,94,173,
11253554,Malak,1,0,52,143,
11253555,Rosalia,0,0,99,186,
11253556,Sana,1,0,41,194,
11253557,Anyla,0,0,112,190,
11253558,Aryah,1,0,113,143,
11253559,Jolee,1,0,50,194,
11253560,Lillyana,0,0,107,160,
11253561,Sanai,0,0,61,198,
11253562,Zhuri,1,500,69,161,
11253563,Arizona,1,0,135,154,
11253564,Dariana,1,0,53,181,
11253565,Devorah,1,0,83,190,
11253566,Donna,0,0,72,176,
11253567,Jazelle,0,500,53,193,
11253568,Kari,1,0,62,153,
11253569,Lorraine,0,0,119,181,
11253570,Samiya,0,0,75,197,
11253571,Julietta,0,0,103,165,
11253572,Kayleen,1,0,121,150,
11253573,Lela,1,500,132,194,
11253574,Lori,1,500,120,171,
11253575,Maura,1,500,48,154,
11253576,Mazie,0,500,112,142,
11253577,Salome,0,500,48,140,
11253578,Baila,0,500,55,186,
11253579,Claira,1,500,104,174,
11253580,Elana,0,500,80,189,
11253581,Keila,0,500,92,185,
11253582,Kinsey,1,0,40,189,
11253583,Pamela,1,0,66,147,
11253584,Rori,0,0,126,190,
11253585,Yaretzy,1,0,53,145,
11253586,Aanya,0,0,74,156,
11253587,Analise,0,0,47,170,
11253588,Annaliese,1,500,116,169,
11253589,Ariela,1,500,89,145,
11253590,Haidyn,1,500,96,167,
11253591,Hartley,0,500,112,162,
11253592,Isha,0,500,59,180,
11253593,Katarina,1,500,81,157,
11253594,Kenzlee,1,500,106,181,
11253595,Khadijah,0,500,106,171,
11253596,Laniyah,0,500,96,150,
11253597,Rain,0,500,83,174,
11253598,Sol,1,500,121,172,
11253599,Yesenia,1,500,118,152,
11253600,Zaynab,0,0,78,153,
11253601,Darlene,0,500,137,181,
11253602,Elly,1,500,115,164,
11253603,Elyana,1,0,101,190,
11253604,Marion,0,500,101,141,
11253605,Moira,1,500,108,173,
11253606,Symphony,0,500,139,166,
11253607,Alba,1,500,126,144,
11253608,Kaley,0,500,74,140,
11253609,Marcela,1,0,42,196,
11253610,Miyah,0,500,124,147,
11253611,Nyah,1,500,80,144,
11253612,Annaleigh,0,500,127,191,
11253613,Brighton,1,500,63,150,
11253614,Chevelle,0,0,86,176,
11253615,Esmae,1,0,101,178,
11253616,Italy,0,0,90,176,
11253617,Izabelle,1,0,116,193,
11253618,Jazzlyn,1,500,41,192,
11253619,Johana,1,500,70,195,
11253620,Lailani,1,500,68,163,
11253621,Pepper,0,500,136,144,
11253622,Taytum,1,0,95,168,
11253623,Bree,1,0,64,169,
11253624,Haddie,0,0,103,141,
11253625,Klara,1,0,94,185,
11253626,Leticia,0,0,71,155,
11253627,Lucinda,0,0,81,197,
11253628,Tala,0,0,46,144,
11253629,Ziya,1,0,111,141,
11253630,Aleyna,1,500,91,156,
11253631,Avani,0,0,82,198,
11253632,Calista,0,500,90,183,
11253633,Camden,0,0,63,197,
11253634,Edie,1,0,94,163,
11253635,Haleigh,0,0,123,159,
11253636,Karley,0,0,134,146,
11253637,Kaylen,0,500,60,162,
11253638,Priya,0,0,136,175,
11253639,Reem,0,0,68,187,
11253640,Ayvah,1,0,82,163,
11253641,Destinee,0,0,57,166,
11253642,Kynleigh,1,0,105,185,
11253643,Malina,1,0,82,190,
11253644,May,1,0,113,168,
11253645,Raeleigh,1,500,83,168,
11253646,Suri,1,0,44,147,
11253647,Adina,1,0,133,189,
11253648,Austin,1,0,69,197,
11253649,Berklee,1,0,75,196,
11253650,Camdyn,1,0,106,160,
11253651,Cori,0,0,97,148,
11253652,Kaila,0,0,107,157,
11253653,Keren,1,0,135,177,
11253654,Kinleigh,1,0,138,195,
11253655,Tianna,0,0,137,143,
11253656,Tilly,1,0,125,192,
11253657,Yusra,0,0,132,162,
11253658,Emmi,0,500,140,180,
11253659,Fern,1,0,51,147,
11253660,Gianni,1,0,84,143,
11253661,Liza,0,0,68,164,
11253662,Makiyah,0,0,108,150,
11253663,Sterling,1,500,61,149,
11253664,Zaira,0,0,121,174,
11253665,Aylah,1,0,83,158,
11253666,Eunice,0,0,74,195,
11253667,Lakyn,1,0,42,153,
11253668,Raine,0,0,97,156,
11253669,Wilhelmina,0,500,127,190,
11253670,Daria,0,500,101,171,
11253671,Kacie,0,500,125,188,
11253672,Lidia,1,500,54,182,
11253673,Ridley,1,500,140,192,
11253674,Brisa,1,500,69,145,
11253675,Constance,0,500,136,183,
11253676,Ema,0,500,81,158,
11253677,Ines,1,500,99,180,
11253678,Jamiyah,0,0,123,172,
11253679,Leora,0,0,101,150,
11253680,Maiya,1,0,41,195,
11253681,Maritza,1,0,86,157,
11253682,Nicolette,1,0,49,149,
11253683,Tina,1,0,87,186,
11253684,Amberly,0,500,111,153,
11253685,Calla,0,500,82,183,
11253686,Dominique,0,500,48,142,
11253687,Faigy,0,500,51,150,
11253688,Inara,0,500,105,171,
11253689,Izzabella,0,500,84,190,
11253690,Janie,0,500,104,146,
11253691,Juana,0,500,69,179,
11253692,Lois,0,500,81,179,
11253693,Magdalene,1,500,42,144,
11253694,Rosemarie,1,500,60,166,
11253695,Safa,0,500,93,170,
11253696,Sonya,1,0,113,145,
11253697,Valencia,1,500,54,189,
11253698,Yvette,1,500,137,140,
11253699,Aiza,1,0,54,164,
11253700,Arwen,1,500,85,180,
11253701,Audrianna,1,500,72,147,
11253702,Graciela,0,500,69,148,
11253703,Heidy,0,500,125,157,
11253704,Hollis,1,500,106,171,
11253705,Janyla,0,0,78,198,
11253706,Sahara,1,500,96,174,
11253707,Teigan,1,500,123,157,
11253708,Adira,1,500,86,166,
11253709,Areli,1,500,111,182,
11253710,Aura,1,0,69,183,
11253711,Haylie,0,0,63,156,
11253712,Leylani,0,0,113,200,
11253713,Rian,0,0,130,182,
11253714,Stormi,0,500,59,177,
11253715,Yasmeen,0,500,93,176,
11253716,Abriella,1,500,111,149,
11253717,Anneliese,1,500,54,188,
11253718,Geraldine,0,0,127,155,
11253719,Hollyn,0,0,55,187,
11253720,Jakayla,0,0,50,167,
11253721,Abbie,0,0,136,185,
11253722,Ameerah,0,0,130,168,
11253723,Aviva,1,0,53,153,
11253724,Bennett,1,0,90,143,
11253725,Eleni,1,0,105,199,
11253726,Joan,1,500,130,171,
11253727,Karly,0,0,102,197,
11253728,Mayah,0,500,124,159,
11253729,Millicent,1,0,111,166,
11253730,Nechama,0,0,109,149,
11253731,Noelia,0,0,112,187,
11253732,Violetta,1,0,120,188,
11253733,Arabelle,1,500,52,140,
11253734,Aubriana,0,0,78,175,
11253735,Avalon,0,0,97,164,
11253736,Edna,1,0,97,148,
11253737,Ellia,0,0,90,184,
11253738,Jianna,0,0,84,170,
11253739,Kaylyn,0,0,114,144,
11253740,Layna,1,0,63,161,
11253741,Noelani,1,500,95,183,
11253742,Santana,0,0,79,181,
11253743,Britney,0,0,125,174,
11253744,Emme,0,0,89,173,
11253745,Eryn,1,0,98,152,
11253746,Ester,1,0,119,159,
11253747,Gaia,0,0,54,169,
11253748,Giulia,1,0,136,178,
11253749,Jacey,1,0,47,172,
11253750,Janiah,0,0,95,189,
11253751,Jaslyn,1,0,59,160,
11253752,Jaylyn,1,0,110,195,
11253753,Karmyn,0,0,48,192,
11253754,Kyah,0,500,42,188,
11253755,Liya,0,0,53,155,
11253756,Lizeth,0,0,53,200,
11253757,Nila,0,0,79,195,
11253758,Nya,0,0,83,183,
11253759,Ocean,0,500,42,163,
11253760,Saphira,1,0,83,146,
11253761,Solana,1,0,118,157,
11253762,Toni,1,0,135,150,
11253763,Venus,0,0,123,157,
11253764,Aracely,1,0,71,178,
11253765,Avril,0,500,98,194,
11253766,Carmela,0,500,53,194,
11253767,Carrie,0,500,129,148,
11253768,Kenzi,1,500,102,162,
11253769,Khali,1,500,68,159,
11253770,Lilyann,1,500,110,183,
11253771,Marielle,1,500,91,190,
11253772,Yamila,1,500,74,146,
11253773,Yvonne,1,500,131,143,
11253774,Alanah,0,0,45,183,
11253775,Aoife,1,0,140,146,
11253776,Avaya,1,0,48,188,
11253777,Azul,1,0,100,187,
11253778,Berkeley,0,0,46,169,
11253779,Denisse,0,0,122,142,
11253780,Grayson,0,500,84,195,
11253781,Kamdyn,1,500,108,167,
11253782,Melinda,0,500,78,146,
11253783,Susana,0,500,94,191,
11253784,Zarah,0,500,78,176,
11253785,Alaiyah,1,500,110,197,
11253786,Arlene,1,500,84,141,
11253787,Carol,0,500,84,156,
11253788,Cattleya,0,500,135,188,
11253789,Katy,0,500,91,197,
11253790,Kenleigh,0,500,131,153,
11253791,Lettie,1,500,65,166,
11253792,Nariah,0,0,61,147,
11253793,Niya,1,500,58,164,
11253794,Ramsey,1,500,79,195,
11253795,Shaylee,1,0,89,195,
11253796,Tamara,0,500,139,179,
11253797,Unique,1,500,140,187,
11253798,Adaleigh,0,500,120,147,
11253799,Bowie,1,500,78,152,
11253800,Estefany,1,500,65,141,
11253801,Gina,0,0,94,185,
11253802,Josephina,1,500,96,197,
11253803,Kianna,0,500,120,190,
11253804,Lexa,0,500,131,173,
11253805,Montana,1,500,78,162,
11253806,Rachael,0,0,61,176,
11253807,Sanaya,0,0,67,192,
11253808,Aiyanna,1,0,73,142,
11253809,Amyah,0,0,65,194,
11253810,Ayra,0,500,101,148,
11253811,Blakelyn,1,500,90,165,
11253812,Charlene,1,500,95,165,
11253813,Doris,1,500,92,196,
11253814,Irina,0,0,95,160,
11253815,Jovi,0,0,49,141,
11253816,Kamya,1,0,95,191,
11253817,Kelani,0,0,114,153,
11253818,Kelsi,1,0,42,200,
11253819,Maribel,0,0,109,156,
11253820,Maryn,0,0,43,196,
11253821,Precious,0,0,99,146,
11253822,Alayla,1,500,90,174,
11253823,Anaiah,1,0,44,176,
11253824,Anissa,1,500,80,165,
11253825,Avalee,0,0,56,154,
11253826,Cosette,1,0,87,144,
11253827,Fatimah,1,0,127,188,
11253828,Hudson,1,0,69,155,
11253829,Karissa,1,500,132,178,
11253830,Karli,0,0,113,183,
11253831,Katia,0,0,97,193,
11253832,Kodi,1,0,83,163,
11253833,Milagros,0,0,126,180,
11253834,Odessa,1,0,117,178,
11253835,Presleigh,1,0,87,144,
11253836,Shyla,1,0,64,140,
11253837,Taelyn,0,500,87,199,
11253838,Tahlia,1,0,73,166,
11253839,Verity,1,0,99,153,
11253840,Ali,0,0,78,167,
11253841,Bellarose,1,0,66,141,
11253842,Cooper,0,0,59,170,
11253843,Elliette,0,0,45,175,
11253844,Hawa,0,0,105,184,
11253845,Juno,0,0,121,168,
11253846,Kaitlynn,1,0,59,169,
11253847,Kinzlee,0,0,139,188,
11253848,Leen,0,0,105,175,
11253849,Lottie,0,0,85,161,
11253850,Miabella,0,500,41,200,
11253851,Navya,0,0,116,198,
11253852,Sarina,0,0,83,156,
11253853,Yoselin,1,0,62,179,
11253854,Amor,0,0,109,198,
11253855,Carli,1,500,65,148,
11253856,Hafsa,0,0,67,146,
11253857,Janelly,1,0,73,184,
11253858,Jaya,0,0,121,196,
11253859,Lula,1,0,51,157,
11253860,Mari,0,0,99,188,
11253861,Samaira,1,500,121,161,
11253862,Shae,1,500,72,177,
11253863,Shoshana,0,500,54,140,
11253864,Sybil,1,500,123,147,
11253865,Adah,0,500,66,141,
11253866,Empress,0,500,106,200,
11253867,Harlynn,1,500,72,149,
11253868,Jalayah,0,500,41,162,
11253869,Lacy,1,500,109,198,
11253870,Milly,1,0,40,163,
11253871,Mona,0,0,56,164,
11253872,Ryder,0,0,132,195,
11253873,Yarely,0,0,136,198,
11253874,Arrow,1,0,54,181,
11253875,Coralie,0,0,132,149,
11253876,Dianna,0,500,115,162,
11253877,Eiza,0,500,126,170,
11253878,Izabel,1,500,115,172,
11253879,Leigha,0,500,109,180,
11253880,Margarita,0,500,133,182,
11253881,Novaleigh,0,500,61,170,
11253882,Rebel,0,500,64,196,
11253883,Yael,0,500,61,159,
11253884,Zaniya,0,500,93,165,
11253885,Aditi,1,500,126,197,
11253886,Aniston,1,500,134,142,
11253887,Audree,0,500,54,163,
11253888,Caydence,0,0,107,179,
11253889,Evalina,1,500,51,142,
11253890,Glory,1,500,85,167,
11253891,Iva,0,0,104,140,
11253892,Karoline,1,500,92,197,
11253893,Kenslee,1,500,76,183,
11253894,Kynzlee,1,500,120,185,
11253895,Lakelynn,0,500,129,155,
11253896,Shreya,0,500,50,160,
11253897,Stormy,0,0,84,164,
11253898,Taliah,1,500,79,171,
11253899,Theia,1,500,53,160,
11253900,Xochitl,1,500,132,190,
11253901,Zayda,0,500,79,184,
11253902,Anylah,0,0,66,156,
11253903,Cheyanne,1,0,53,150,
11253904,Elani,1,0,134,183,
11253905,Eliora,1,0,118,184,
11253906,Gwenyth,1,500,61,157,
11253907,Hailie,0,500,85,183,
11253908,Harmonie,1,500,111,154,
11253909,Karolina,0,500,51,171,
11253910,Lanie,1,0,119,195,
11253911,Raizy,1,0,113,185,
11253912,Rivky,1,0,69,182,
11253913,Yamilet,0,0,83,151,
11253914,Anabel,0,0,87,186,
11253915,Aveline,1,0,134,156,
11253916,Camellia,0,0,82,193,
11253917,Eleanore,1,0,116,149,
11253918,Honor,0,500,121,177,
11253919,Kingsley,1,0,87,172,
11253920,Landyn,1,500,121,149,
11253921,Lynlee,1,0,72,185,
11253922,Marli,0,0,79,177,
11253923,Nariyah,0,0,91,192,
11253924,Agatha,0,0,45,190,
11253925,Blanca,0,500,109,189,
11253926,Emeline,0,0,139,176,
11253927,Ileana,1,0,117,155,
11253928,Ivey,0,0,90,166,
11253929,Kaliah,0,0,62,190,
11253930,Kavya,1,0,100,164,
11253931,Loren,0,0,87,150,
11253932,Mariajose,1,0,44,183,
11253933,Maryann,1,500,59,168,
11253934,Oriana,1,0,114,162,
11253935,Romy,0,0,91,179,
11253936,Sabina,0,0,43,163,
11253937,Serafina,0,0,73,194,
11253938,Tesla,0,0,75,188,
11253939,Alyna,1,0,56,173,
11253940,Amila,1,0,99,150,
11253941,Angely,1,0,107,187,
11253942,Arlet,1,0,95,143,
11253943,Caliyah,0,0,116,192,
11253944,Delta,0,0,126,195,
11253945,Emmerson,1,0,105,196,
11253946,Finleigh,0,500,138,149,
11253947,Jia,0,0,97,197,
11253948,Jiselle,0,0,47,199,
11253949,Lavender,1,0,44,173,
11253950,Lotus,1,0,105,199,
11253951,Maddox,1,500,78,165,
11253952,Paulette,0,0,58,154,
11253953,Rania,0,0,124,194,
11253954,Rochel,1,0,97,193,
11253955,Westlyn,0,0,110,177,
11253956,Xyla,0,0,114,144,
11253957,Analeah,1,500,66,194,
11253958,Aubreigh,1,500,64,190,
11253959,Dawn,0,500,71,200,
11253960,Georgiana,1,500,128,195,
11253961,Harlem,0,500,137,145,
11253962,Isa,0,500,46,179,
11253963,Jannat,1,500,63,200,
11253964,Jhene,1,500,74,166,
11253965,Laine,1,500,124,171,
11253966,Lillyann,1,0,123,184,
11253967,Melia,1,0,103,165,
11253968,Roxana,0,0,45,157,
11253969,Taylin,1,0,57,168,
11253970,Yaneli,0,0,122,193,
11253971,Zamira,0,0,64,199,
11253972,Amaria,1,500,80,193,
11253973,Caleigh,1,500,120,186,
11253974,Dafne,1,500,97,200,
11253975,Iyanna,0,500,87,196,
11253976,Jules,0,500,68,179,
11253977,Kendal,1,500,108,157,
11253978,Lyrica,1,500,67,149,
11253979,Marlo,0,500,105,199,
11253980,Mylee,1,500,98,191,
11253981,Nelly,1,500,134,158,
11253982,Star,1,500,64,148,
11253983,Amarie,0,500,105,195,
11253984,Aribella,0,0,88,143,
11253985,Carissa,1,500,65,176,
11253986,Emarie,1,500,136,161,
11253987,Emelyn,1,0,75,140,
11253988,Hayleigh,0,500,71,199,
11253989,Kelis,1,500,57,168,
11253990,Lillith,0,500,89,187,
11253991,Maizie,1,500,41,186,
11253992,Maliya,1,500,129,196,
11253993,Misha,1,0,66,161,
11253994,Naia,1,500,79,171,
11253995,Odette,0,500,134,166,
11253996,Samia,0,500,95,150,
11253997,Zemira,1,500,94,161,
11253998,Alara,1,0,41,198,
11253999,Anjali,1,0,138,143,
